326;"5214234485234498123423632234.5214233372233385123423632234"
398;"521423148322314845123423632234.521423149152314928123423632234"
19;"5214232779232792123423632234.each switch with"
177;"5214231864231877123423632234.521423146252314638123423632234"
62;"null var class.include for case"
18;"5214232779232792123423632234.521423101202310133123423632234"
27;"finally const false.521423107312310744123423632234"
194;"var switch implements.52142364723660123423632234"
344;"521423188942318907123423632234.extends function function"
140;"break const include.include static"
162;"null var class.false catch while"
45;"null var class.5214231505231518123423632234"
221;"5214231151231164123423632234.dynamic function case"
415;"521423188942318907123423632234.case set false"
192;"null var class.52142311823131123423632234"
227;"break const include.catch catch default"
120;"null var class.final package class"
167;"try const do.521423174572317470123423632234"
419;"521423188942318907123423632234.include const try"
243;"if while catch.include finally while"
368;"5214234485234498123423632234.521423113962311409123423632234"
391;"521423188942318907123423632234.native switch switch"
130;"with var final.521423184742318487123423632234"
201;"if while catch.with switch break"
91;"5214232779232792123423632234.5214234587234600123423632234"
290;"5214231151231164123423632234.class catch const"
87;"null var class.true package extends"
302;"throw while throw.super const in"
375;"package for for.521423146872314700123423632234"
268;"throw while throw.5214239305239318123423632234"
128;"5214232628232641123423632234.521423192422319255123423632234"
372;"break const include.try for implements"
399;"package for for.521423160542316067123423632234"
26;"null var class.5214236709236722123423632234"
220;"break const include.5214235924235937123423632234"
169;"with var final.521423161812316194123423632234"
287;"5214239681239694123423632234.521423103402310353123423632234"
412;"521423188942318907123423632234.use super do"
185;"break const include.break throw"
381;"with var final.use use native"
37;"finally const false.case finally try"
163;"521423149872315000123423632234.521423182442318257123423632234"
230;"if while catch.521423146192314632123423632234"
250;"5214239681239694123423632234.521423169182316931123423632234"
251;"5214239681239694123423632234.if try"
71;"S694f58_png$cd18ab661e935d3a85b7bf9023c4effb-1379589596"
213;"5214239320239333123423632234.var for null"
199;"5214239681239694123423632234.521423174832317496123423632234"
420;"521423188942318907123423632234.5214237439237452123423632234"
127;"with var final.do const break"
205;"5214236035236048123423632234.catch var extends"
390;"521423188942318907123423632234.5214231364231377123423632234"
340;"521423188942318907123423632234.finally var extends"
249;"521423188942318907123423632234.521423189442318957123423632234"
306;"break const include.521423141752314188123423632234"
253;"break const include.finally while set"
218;"521423182952318308123423632234.5214238034238047123423632234"
226;"5214239681239694123423632234.var package switch"
89;"5214232597232610123423632234.521423156582315671123423632234"
300;"5214237733237746123423632234.521423189942319007123423632234"
74;"a649831_png$685ee22319038d57477ac198094c1cf3-328227947"
99;"null var class.false use super"
161;"521423149872315000123423632234.52142326323276123423632234"
212;"break const include.521423157872315800123423632234"
129;"break const include.in finally default"
255;"break const include.521423147582314771123423632234"
232;"5214239681239694123423632234.5214233054233067123423632234"
113;"throw false.5214233770233783123423632234"
207;"5214236035236048123423632234.set while static"
298;"break const include.521423732386123423632234"
264;"try const do.5214233139233152123423632234"
219;"5214237733237746123423632234.get switch finally"
393;"521423188942318907123423632234.super finally true"
3;"D30032_png$9756a492b00cd84c435b219f22d92c08-419924764"
347;"521423127632312776123423632234.5214236010236023123423632234"
179;"null var class.implements finally return"
314;"with var final.override var static"
142;"5214239681239694123423632234.52142318323196123423632234"
266;"if while catch.break var set"
289;"throw false.return function static"
82;"finally const false.in while catch"
417;"521423188942318907123423632234.true set get"
309;"break const include.while package with"
283;"while set null.521423129322312945123423632234"
159;"521423149872315000123423632234.dynamic finally implements"
168;"var switch implements.521423142382314251123423632234"
58;"null var class.if switch super"
222;"default for break.521423187882318801123423632234"
242;"package for for.5214234654234667123423632234"
262;"5214232628232641123423632234.function use true"
9;"null var class.set while case"
101;"finally const false.override package null"
180;"null var class.with use dynamic"
392;"521423188942318907123423632234.break super include"
352;"if super while.try const import"
24;"null var class.switch catch implements"
151;"with var final.class set try"
384;"with var final.extends use throw"
171;"null var class.function for static"
284;"ScrollSkinGray_trackTop_png$74391611455b97568bf61b4ff4c0e2fc-134362900"
394;"if super while.5214235895235908123423632234"
330;"521423188942318907123423632234.521423123422312355123423632234"
376;"521423188942318907123423632234.final super with"
150;"throw while throw.in switch false"
135;"try const do.521423106992310712123423632234"
299;"5214239681239694123423632234.521423120482312061123423632234"
386;"521423188942318907123423632234.521423116902311703123423632234"
203;"5214239681239694123423632234.521423190612319074123423632234"
104;"ScrollSkinBlue_trackTop_png$99743c83cf96255bed69c339b4ebbd711959384901"
118;"null var class.with function return"
369;"break const include.5214231289231302123423632234"
297;"break const include.include while return"
186;"null var class.5214233516233529123423632234"
377;"5214234485234498123423632234.default finally case"
267;"5214231151231164123423632234.521423147162314729123423632234"
160;"break const include.class const include"
2;"e14gc0_png$3e16825c0430ea276dd5854285b8c94a45269162"
157;"521423149872315000123423632234.default finally var"
106;"ScrollSkinGreen_trackBottom_png$b34e390044e73115875ff8aafb4b83b6-1142530920"
367;"521423148322314845123423632234.521423161742316187123423632234"
349;"5214239332239345123423632234.521423134572313470123423632234"
80;"null var class.null function dynamic"
406;"521423188942318907123423632234.true package dynamic"
209;"521423182952318308123423632234.get super return"
60;"with var final.import for finally"
261;"null var class.521423161192316132123423632234"
383;"5214239320239333123423632234.use use finally"
134;"5214234283234296123423632234.521423144582314471123423632234"
285;"ScrollSkinGray_trackBottom_png$f81b470bff98ca2b833226c3b5645c92-1227780326"
333;"521423188942318907123423632234.for var try"
378;"if super while.throw for dynamic"
187;"5214231864231877123423632234.var use var"
228;"with var final.throw switch import"
328;"521423188942318907123423632234.52142320723220123423632234"
234;"package for for.if finally in"
385;"521423188942318907123423632234.521423185842318597123423632234"
63;"5214232779232792123423632234.switch set false"
296;"break const include.5214239659239672123423632234"
345;"package for for.dynamic while return"
178;"break const include.if package catch"
276;"5214239320239333123423632234.finally const else"
208;"package for for.in for try"
402;"5214234485234498123423632234.native catch"
46;"5214232779232792123423632234.521423171242317137123423632234"
211;"package for for.get for import"
59;"if while catch.521423182782318291123423632234"
78;"b552ded_png$31535a4efef4797ea0aa95e50eb1eddf1049759260"
64;"class switch implements.521423118582311871123423632234"
33;"null var class.default catch extends"
291;"package for for.final for class"
196;"5214239681239694123423632234.default catch catch"
338;"521423167222316735123423632234.native use try"
353;"521423188942318907123423632234.52142384723860123423632234"
30;"if while catch.5214239057239070123423632234"
404;"521423188942318907123423632234.while switch else"
236;"with var final.5214231810231823123423632234"
294;"null var class.521423189152318928123423632234"
77;"f18ah2g_png$25b134af61a6ce4ee7b151ba62455a881881662442"
424;"if super while.521423170762317089123423632234"
235;"null var class.do var switch"
49;"521423183522318365123423632234.while while super"
371;"break const include.extends use try"
66;"if while catch.52142370623719123423632234"
165;"null var class.5214237810237823123423632234"
410;"521423188942318907123423632234.521423129172312930123423632234"
292;"5214239320239333123423632234.true use case"
56;"null var class.finally true"
40;"with package try.521423174132317426123423632234"
355;"521423188942318907123423632234.override const final"
117;"null var class.5214236028236041123423632234"
144;"null var class.521423159312315944123423632234"
184;"5214234283234296123423632234.set for with"
281;"package for for.finally super switch"
111;"throw false.5214238948238961123423632234"
248;"5214239681239694123423632234.5214233557233570123423632234"
123;"finally const false.521423122462312259123423632234"
366;"with var final.5214239766239779123423632234"
389;"521423188942318907123423632234.if finally use"
137;"break const include.521423144202314433123423632234"
121;"if while catch.521423148482314861123423632234"
307;"521423188942318907123423632234.5214236907236920123423632234"
337;"521423188942318907123423632234.5214231833231846123423632234"
254;"break const include.if var dynamic"
324;"521423188942318907123423632234.import throw"
57;"null var class.super for if"
387;"521423188942318907123423632234.static super break"
286;"521423182952318308123423632234.521423172972317310123423632234"
370;"break const include.else package super"
246;"521423182952318308123423632234.with const false"
16;"5214232597232610123423632234.true super return"
408;"521423188942318907123423632234.for for each"
293;"5214234283234296123423632234.521423119462311959123423632234"
350;"5214239320239333123423632234.finally while continue"
224;"5214239681239694123423632234.5214236244236257123423632234"
183;"var switch implements.for function in"
357;"521423188942318907123423632234.52142376523778123423632234"
147;"while set null.break var true"
244;"5214239332239345123423632234.521423183532318366123423632234"
348;"if super while.true switch return"
21;"package for for.set var while"
138;"while set null.extends package while"
229;"null var class.throw switch do"
277;"while set null.extends var continue"
35;"S481748_png$650f8f70acb860dd8ea140309eb4461e-459672535"
308;"521423149872315000123423632234.521423135372313550123423632234"
197;"5214239681239694123423632234.521423125242312537123423632234"
312;"throw while throw.521423122572312270123423632234"
388;"521423188942318907123423632234.5214233255233268123423632234"
132;"break const include.521423137122313725123423632234"
335;"521423188942318907123423632234.521423106642310677123423632234"
153;"null var class.each switch final"
311;"false for do.try catch super"
141;"5214239681239694123423632234.5214238768238781123423632234"
320;"521423188942318907123423632234.5214231726231739123423632234"
43;"if while catch.catch set break"
109;"null var class.get const try"
327;"521423188942318907123423632234.throw super import"
116;"null var class.static const do"
271;"5214239320239333123423632234.5214239301239314123423632234"
98;"throw false.use package function"
216;"521423182952318308123423632234.5214239348239361123423632234"
278;"false for do.521423136892313702123423632234"
55;"with package try.521423110642311077123423632234"
245;"var switch implements.5214233349233362123423632234"
358;"521423188942318907123423632234.return while case"
83;"package for for.521423153582315371123423632234"
272;"5214239332239345123423632234.521423109282310941123423632234"
23;"5214232779232792123423632234.521423169222316935123423632234"
400;"521423188942318907123423632234.switch use get"
11;"521423183522318365123423632234.521423118422311855123423632234"
85;"if while catch.52142319923212123423632234"
67;"with package try.native finally override"
155;"5214239681239694123423632234.5214238358238371123423632234"
331;"if super while.override for final"
28;"5214232779232792123423632234.var use finally"
269;"break const include.5214236785236798123423632234"
305;"break const include.521423123952312408123423632234"
231;"break const include.5214235621235634123423632234"
241;"if while catch.get for default"
319;"521423188942318907123423632234.521423185832318596123423632234"
329;"521423188942318907123423632234.521423138312313844123423632234"
270;"5214239320239333123423632234.521423144322314445123423632234"
12;"null var class.static for"
48;"finally const false.true while with"
156;"break const include.5214233081233094123423632234"
70;"null var class.521423174472317460123423632234"
93;"521423183522318365123423632234.521423144362314449123423632234"
44;"5214232597232610123423632234.5214233792233805123423632234"
50;"null var class.throw throw"
31;"throw while throw.521423149072314920123423632234"
76;"a4dda98_png$e0fab65fa3bb60357fada14a22cd29b1838538406"
360;"521423188942318907123423632234.5214239490239503123423632234"
405;"521423188942318907123423632234.false var null"
54;"throw while throw.const package for"
148;"throw while throw.switch package extends"
32;"with var final.52142320423217123423632234"
182;"521423188942318907123423632234.5214233114233127123423632234"
198;"throw false.break switch super"
105;"ScrollSkinGreen_trackTop_png$05512d4c29b50c68a33933f525e9ae7a-444254034"
265;"break const include.while super while"
332;"521423188942318907123423632234.use switch null"
325;"521423188942318907123423632234.5214237951237964123423632234"
275;"5214239320239333123423632234.false finally super"
100;"null var class.5214235537235550123423632234"
86;"null var class.5214236535236548123423632234"
260;"break const include.dynamic finally catch"
84;"with package try.each finally null"
361;"521423188942318907123423632234.5214237931237944123423632234"
354;"if super while.521423187682318781123423632234"
407;"521423188942318907123423632234.case function include"
403;"521423188942318907123423632234.5214232206232219123423632234"
425;"with var final.continue extends"
15;"finally const false.5214237648237661123423632234"
172;"var switch implements.use function include"
170;"with var final.521423104012310414123423632234"
313;"5214234283234296123423632234.function while super"
422;"521423167222316735123423632234.else while default"
380;"5214234485234498123423632234.static function final"
17;"finally const false.521423159462315959123423632234"
334;"521423188942318907123423632234.5214231173231186123423632234"
29;"5214232597232610123423632234.521423132042313217123423632234"
103;"ScrollSkinBlue_trackBottom_png$189aacb5df0ba89dde7ac274901ceccf-522803455"
322;"521423188942318907123423632234.521423137192313732123423632234"
237;"5214234283234296123423632234.continue catch finally"
258;"break const include.true super include"
273;"5214239320239333123423632234.521423117222311735123423632234"
110;"throw false.521423173172317330123423632234"
359;"package for for.null function catch"
239;"null var class.521423161802316193123423632234"
69;"521423183522318365123423632234.52142332923342123423632234"
247;"null var class.with package case"
257;"5214239681239694123423632234.const const true"
174;"break const include.throw const get"
200;"5214239332239345123423632234.5214237769237782123423632234"
72;"c69a12b_png$cd45be4c49e54dcc94be5fd4351b76c2862717903"
282;"5214231151231164123423632234.521423160722316085123423632234"
362;"521423188942318907123423632234.false for get"
409;"521423188942318907123423632234.var catch null"
397;"5214239332239345123423632234.5214235093235106123423632234"
401;"521423188942318907123423632234.521423145352314548123423632234"
10;"with var final.use for get"
97;"break const include.if for with"
190;"5214239681239694123423632234.extends set in"
223;"null var class.case set include"
316;"5214239320239333123423632234.5214238776238789123423632234"
125;"null var class.dynamic catch in"
191;"break const include.521423110622311075123423632234"
108;"null var class.try var use"
301;"5214239332239345123423632234.521423154002315413123423632234"
20;"5214232597232610123423632234.5214239043239056123423632234"
122;"521423148322314845123423632234.5214238291238304123423632234"
304;"521423182952318308123423632234.continue default"
315;"break const include.5214236247236260123423632234"
280;"var switch implements.521423125652312578123423632234"
336;"521423188942318907123423632234.false false"
188;"5214234283234296123423632234.521423171832317196123423632234"
173;"false for do.with use extends"
288;"5214234283234296123423632234.521423108672310880123423632234"
136;"try const do.521423104982310511123423632234"
318;"5214234485234498123423632234.5214236238236251123423632234"
36;"f573dh_png$8bc3b0edae62d31f7c85bbd00598f99e671444845"
126;"null var class.52142384823861123423632234"
75;"a1395bf_png$160ac780a1021ed369ccdbe9288f6459-1322780884"
342;"521423167222316735123423632234.5214238923238936123423632234"
61;"null var class.52142370723720123423632234"
8;"a7c9716_png$29cc59676c30efd4ae813e4ec03c656f-905484707"
204;"5214231864231877123423632234.5214239577239590123423632234"
411;"521423188942318907123423632234.5214238607238620123423632234"
47;"5214232779232792123423632234.extends override"
346;"521423127632312776123423632234.override switch package"
102;"if while catch.5214237952237965123423632234"
202;"null var class.continue function class"
373;"package for for.dynamic set break"
413;"521423148322314845123423632234.true while with"
363;"521423188942318907123423632234.5214233820233833123423632234"
210;"break const include.return catch each"
263;"with var final.521423121432312156123423632234"
41;"null var class.import include"
145;"package for for.521423185122318525123423632234"
421;"521423191862319199123423632234.native var continue"
259;"521423182952318308123423632234.521423136922313705123423632234"
79;"b34548e_png$9ba09b477da22e668350a06f8968dda1-1145085120"
38;"null var class.5214238331238344123423632234"
215;"null var class.break package include"
1;"a24g39d_png$3b0a1204002f9130b69dfab73576caa11391209882"
323;"521423148322314845123423632234.521423172842317297123423632234"
14;"with package try.521423177272317740123423632234"
95;"bullets_swf$136e2a1b6a59841a34d44e627dddb6bf1570205700"
189;"while set null.5214239662239675123423632234"
7;"if finally include.521423107592310772123423632234"
112;"if while catch.while use class"
181;"5214239681239694123423632234.continue finally native"
356;"throw while throw.switch var for"
133;"5214234283234296123423632234.override set dynamic"
193;"break const include.return package use"
214;"break const include.5214239281239294123423632234"
396;"521423191862319199123423632234.521423139552313968123423632234"
240;"if while catch.5214234438234451123423632234"
339;"521423188942318907123423632234.use set false"
303;"try const do.521423125532312566123423632234"
34;"null var class.dynamic while case"
94;"package for for.try set case"
81;"null var class.5214233838233851123423632234"
107;"throw while throw.521423122412312254123423632234"
233;"break const include.5214239941239954123423632234"
382;"5214239332239345123423632234.class finally null"
195;"521423182952318308123423632234.5214233409233422123423632234"
73;"e7b1d50_png$88f33a0c7a7e32a08fc96fb81f60f21c611332951"
310;"null var class.5214234078234091123423632234"
88;"null var class.dynamic catch return"
139;"521423182952318308123423632234.521423113522311365123423632234"
51;"if while catch.throw for do"
364;"521423188942318907123423632234.5214235838235851123423632234"
414;"521423188942318907123423632234.521423422355123423632234"
4;"e51he9e_png$313c72ae9e782fec516fe445e84396c941194762"
25;"null var class.set function true"
6;"if finally include.521423174862317499123423632234"
90;"null var class.5214238556238569123423632234"
152;"throw false.5214232590232603123423632234"
225;"package for for.521423115642311577123423632234"
92;"null var class.5214232035232048123423632234"
146;"break const include.521423168802316893123423632234"
53;"null var class.5214236652236665123423632234"
22;"null var class.var var do"
42;"with var final.each while try"
13;"null var class.super function get"
341;"521423188942318907123423632234.super use override"
395;"521423191862319199123423632234.5214233461233474123423632234"
256;"with var final.521423113572311370123423632234"
176;"null var class.521423192992319312123423632234"
238;"break const include.function switch finally"
379;"if super while.import finally dynamic"
166;"throw while throw.each const return"
423;"521423127632312776123423632234.521423167972316810123423632234"
158;"var switch implements.52142374423757123423632234"
217;"var switch implements.5214236007236020123423632234"
143;"break const include.521423114232311436123423632234"
274;"with var final.5214234168234181123423632234"
39;"521423148322314845123423632234.dynamic use while"
164;"while set null.break for null"
279;"5214239320239333123423632234.5214232784232797123423632234"
252;"null var class.5214235166235179123423632234"
175;"throw while throw.521423132762313289123423632234"
365;"521423188942318907123423632234.package const set"
416;"521423188942318907123423632234.final switch else"
115;"null var class.5214239648239661123423632234"
154;"null var class.implements super break"
5;"c3ac4b3_png$02849b1d79ddeef3af43e055763479b81806448739"
68;"with package try.true function while"
321;"if super while.5214238321238334123423632234"
343;"521423188942318907123423632234.5214239384239397123423632234"
149;"521423149872315000123423632234.521423102962310309123423632234"
295;"break const include.521423187062318719123423632234"
114;"null var class.521423177612317774123423632234"
119;"null var class.5214239318239331123423632234"
52;"throw while throw.5214233697233710123423632234"
124;"throw false.continue super set"
65;"5214232779232792123423632234.try while final"
351;"521423188942318907123423632234.class const switch"
206;"default for break.521423187472318760123423632234"
317;"521423148322314845123423632234.in use break"
418;"521423188942318907123423632234.return var implements"
131;"with var final.521423163032316316123423632234"
374;"with var final.5214232687232700123423632234"
96;"null var class.return function catch"
0;"Game"
